,Products Name,Prices,Descriptions,Reviews
0,"IQOO 15R 5G (Dark Knight, 256 GB)","? 47,899.00",8 GB RAM | 256 GB ROM16.74 cm (6.59 inch) Display50MP Rear Camera7600 mAh Battery12 Months Brand Warranty,4.6
1,"OnePlus Nord 6 (Pitch Black, 256 GB)","? 49,328.00","12 GB RAM | 256 GB ROM | Expandable Upto 256 GB17.22 cm (6.78 inch) Full HD+ Display50MP Rear Camera9000 mAh Battery4 octa-core processor Processorone-year limited warranty starting from the date of delivery, covering manufacturing defects in materials and workmanship",4.7
2,"Samsung Galaxy S24 5G Snapdragon (Amber Yellow, 128 GB)","? 49,999.00",8 GB RAM | 128 GB ROM15.75 cm (6.2 inch) Full HD+ Display50MP + 12MP | 12MP Front Camera4000 mAh Battery8 Gen 3 Processor1 Year Manufacturer Warranty for Device and 6 Months for In-Box Accessories,4.6
3,"IQOO 15R 5G (Triumph Silver, 256 GB)","? 47,300.00",8 GB RAM | 256 GB ROM16.74 cm (6.59 inch) Display50MP Rear Camera7600 mAh Battery12 Months Brand Warranty,4.6
4,"Samsung Galaxy S24 5G Snapdragon (Onyx Black, 128 GB)","? 49,999.00",8 GB RAM | 128 GB ROM15.75 cm (6.2 inch) Full HD+ Display50MP + 12MP | 12MP Front Camera4000 mAh Battery8 Gen 3 Processor1 Year Manufacturer Warranty for Device and 6 Months for In-Box Accessories,4.6
5,"OPPO Reno15 5G (Twilight Blue, 256 GB)","? 47,999.00",8 GB RAM | 256 GB ROM16.74 cm (6.59 inch) Full HD+ Display50MP + 50MP + 8MP | Yes6500 mAh Battery7 Gen 4 Processor1 Year Manufacturer Warranty for Device and 6 Months Manufacturer Warranty for Inbox Accessories,4.5
6,"OnePlus 12 (Glacial White, 256 GB)","? 49,990.00",12 GB RAM | 256 GB ROM17.32 cm (6.82 inch) Full HD+ AMOLED Display50MP Rear Camera5400 mAh BatteryQualcomm SM8650-AB Snapdragon 8 Gen 3 (4 nm) Processor1 Year manufacturer warranty for device and 1 year manufacturer warranty for in-box accessories including batteries from the date of purchase,4.6
7,"MOTOROLA edge 70 pro (Marble - PANTONE Lily white (white), 256 GB)","? 42,999.00",12 GB RAM | 256 GB ROM17.27 cm (6.8 inch) Full HD+ Super AMOLED Display50MP + 50MP | 50MP Front Camera6500 mAh Silicon-Carbon BatteryDimensity 8500 Extreme Processor1 Year on Handset and 6 Months on Accessories,4.3
8,"realme Gt 7 (Icesense Black, 512 GB)","? 41,999.00","12 GB RAM | 512 GB ROM17.22 cm (6.78 inch) Full HD+ AMOLED Display50MP + 50MP + 50MP + 8MP | 32MP + 32MP Dual Front Camera7000 mAh BatteryDimensity ProcessorPhone, Power Adapter, SIM Tray Ejector, Phone Case, USB Cable",4.4
9,"OPPO Reno14 5G (Pearl White, 256 GB)","? 42,999.00",8 GB RAM | 256 GB ROM16.74 cm (6.59 inch) Display50MP + 8MP + 50MP | 50MP Front Camera6000 mAh BatteryDimensity 8350 Processor1 Year Manufacturer Warranty for Device and 6 Months Manufacturer Warranty for Inbox Accessories,4.4
10,"OPPO Reno15c 5G (Twilight Blue, 256 GB)","? 41,999.00",8 GB RAM | 256 GB ROM16.69 cm (6.57 inch) Full HD+ Display50MP + 8MP + 2MP | Yes7000 mAh Battery6 Gen 1 Processor1 Year Manufacturer Warranty for Device and 6 Months Manufacturer Warranty for Inbox Accessories,4.3
11,"OnePlus Nord CE6 (Pitch Black, 256 GB)","? 36,164.00",8 GB RAM | 256 GB ROM | Expandable Upto 256 GB17.22 cm (6.78 inch) Full HD+ Display50MP Rear Camera | 2MP Front Camera8000 mAh BatteryQualcomm® Snapdragon™ 7s Gen 4 Processorone year of handset six month of accessories,4.3
12,"Samsung Galaxy A37 5G (Awesome Charcoal, 128 GB)","? 41,999.00",8 GB RAM | 128 GB ROM17.02 cm (6.7 inch) Full HD+ Super AMOLED Display50MP + 8MP | 12MP Front Camera5000 mAh Li-ion BatteryExynos 1480 Processor1 Year Manufacturer Warranty for Device and 6 Months for In-Box Accessories,4.3
13,"Google Pixel 10a (Fog, 256 GB)","? 49,999.00",8 GB RAM | 256 GB ROM16.0 cm (6.3 inch) Full HD+ AMOLED Display48MP + 13MP | 13MP Front Camera5100 mAh Lithium BatteryTensor G4 Processor1 year domestic warranty,4.5
14,"OPPO Reno14 5G (Forest Green, 512 GB)","? 47,999.00",12 GB RAM | 512 GB ROM16.74 cm (6.59 inch) Display50MP + 8MP + 50MP | 50MP Front Camera6000 mAh BatteryDimensity 8350 Processor1 Year Manufacturer Warranty for Device and 6 Months Manufacturer Warranty for Inbox Accessories,4.5
15,"OPPO Reno15c 5G (Afterglow Pink, 256 GB)","? 44,999.00",12 GB RAM | 256 GB ROM16.69 cm (6.57 inch) Full HD+ Display50MP + 8MP + 2MP | Yes7000 mAh Battery6 Gen 1 Processor1 Year Manufacturer Warranty for Device and 6 Months Manufacturer Warranty for Inbox Accessories,4.3
16,"MOTOROLA Razr 60 (PANTONE Spring Bud, 256 GB)","? 49,999.00",8 GB RAM | 256 GB ROM17.53 cm (6.9 inch) Full HD+ Display50MP + 13MP | 32MP Front Camera4500 mAh BatteryDimensity 7400X Processor1 Year Warranty on Handset and 6 Months Warranty on Accessories,4.4
17,"vivo V70 (Passion Red, 256 GB)","? 49,999.00",8 GB RAM | 256 GB ROM16.74 cm (6.59 inches) Full HD+ AMOLED Display50MP + 50MP + 8MP | Yes6500 mAh Li-ion battery BatterySnapdragon 7 Gen 4 Processor1 Year Warranty on Handset and 6 Months Warranty on Accessories,4.6
18,"OPPO Reno15c 5G (Afterglow Pink, 256 GB)","? 41,999.00",8 GB RAM | 256 GB ROM16.69 cm (6.57 inch) Full HD+ Display50MP + 8MP + 2MP | Yes7000 mAh Battery6 Gen 1 Processor1 Year Manufacturer Warranty for Device and 6 Months Manufacturer Warranty for Inbox Accessories,4.3
19,"REDMI Note 15 Pro + 5G (Mirage Blue, 512 GB)","? 43,593.00",12 GB RAM | 512 GB ROM17.35 cm (6.83 inch) Display200MP Rear Camera6500 mAh Battery12 Months Brand Warranty,4.2
20,"OPPO Reno14 5G (Forest Green, 256 GB)","? 42,999.00",8 GB RAM | 256 GB ROM16.74 cm (6.59 inch) Display50MP + 8MP + 50MP | 50MP Front Camera6000 mAh BatteryDimensity 8350 Processor1 Year Manufacturer Warranty for Device and 6 Months Manufacturer Warranty for Inbox Accessories,4.4
21,"vivo V70 FE (Northern Lights Purple, 256 GB)","? 40,999.00",8 GB RAM | 256 GB ROM17.35 cm (6.83 inch) Full HD+ AMOLED Display200MP + 8MP | 50MP Front Camera7000 mAh Li-ion BatteryDimensity 7360-Turbo Processor1 Year Manufacturer Warranty for Device and 6 Months Manufacturer Warranty for Inbox Accessories,4.3
22,"Samsung Galaxy S24 5G Snapdragon (Marble Gray, 128 GB)","? 49,999.00",8 GB RAM | 128 GB ROM15.75 cm (6.2 inch) Full HD+ Display50MP + 12MP | 12MP Front Camera4000 mAh Battery8 Gen 3 Processor1 Year Manufacturer Warranty for Device and 6 Months for In-Box Accessories,4.6
23,"Google Pixel 10a (Obsidian, 256 GB)","? 49,999.00",8 GB RAM | 256 GB ROM16.0 cm (6.3 inch) Full HD+ AMOLED Display48MP + 13MP | 13MP Front Camera5100 mAh Lithium BatteryTensor G4 Processor1 year domestic warranty,4.5
24,"POCO X8 Pro Max (Black, 512 GB)","? 48,999.00",12 GB RAM | 512 GB ROM17.35 cm (6.83 inch) Full HD+ AMOLED Display50MP + 8MP | 20MP Front Camera9000 mAh Lithium-Ion Polymer With Silicon Carbon Technology BatteryDimensity 9500s Processor1 Year Manufacturer Warranty for Phone and 6 Months Warranty for In the Box Accessories,4.5
25,"Samsung Galaxy S24 5G Snapdragon (Marble Gray, 128 GB)","? 49,999.00",8 GB RAM | 128 GB ROM15.75 cm (6.2 inch) Full HD+ Display50MP + 12MP | 12MP Front Camera4000 mAh Battery8 Gen 3 Processor1 Year Manufacturer Warranty for Device and 6 Months for In-Box Accessories,4.6
26,"IQOO Neo 10 (Alpine White, 256 GB)","? 38,480.00","8 GB RAM | 256 GB ROM17.22 cm (6.78 inch) Full HD+ Super AMOLED Display50MP Rear Camera7000 mAh BatteryQualcomm Snapdragon 8s Gen 4 ProcessorDuration: 1 Year for the Device; 6 Months for In-box accessories (Charger, Cable).

Coverage: Manufacturing defects and functional faults.

Replacement Policy: Defective items may be eligible for repair or replacement at an authorized service center.

Software Updates: The device includes 3 years of Android OS updates and 4 years of security patches.

Excluded from Warranty: Damages caused by liquid/moisture entering the device, physical damage, unauthorized repairs, or use of non-original accessories",4.5
27,"Google Pixel 10a (Obsidian, 256 GB)","? 49,999.00",8 GB RAM | 256 GB ROM16.0 cm (6.3 inch) Full HD+ AMOLED Display48MP + 13MP | 13MP Front Camera5100 mAh Lithium BatteryTensor G4 Processor1 year domestic warranty,4.5
28,"realme 16 Pro+ 5G (Master Gold, 256 GB)","? 48,999.00",8 GB RAM | 256 GB ROM17.27 cm (6.8 inch) Full HD+ AMOLED Display200MP + 50MP + 8MP | 50MP Front Camera7000 mAh Battery7 Gen 4 Processor1 Year Manufacturer Warranty for Phone and 6 Months Warranty for In-Box Accessories,4.5
29,"Nothing Phone (4a) (White, 256 GB)","? 40,999.00",12 GB RAM | 256 GB ROM17.22 cm (6.78 inch) Full HD+ AMOLED Display50MP + 50MP + 8MP | 32MP Front Camera5400 mAh Lithium ion BatterySnapdragon 7s Gen 4 Processor1 Year Manufacturing Warranty,4.5
30,"Samsung Galaxy S24 FE 5G (Graphite, 256 GB)","? 45,999.00",8 GB RAM | 256 GB ROM17.02 cm (6.7 inch) Full HD+ Display50MP + 12MP + 8MP | 10MP Front Camera4700 mAh BatteryExynos 2400e Processor1 Year Manufacturer Warranty for Device and 6 Months for In-Box Accessories,4.5
31,"OPPO Reno14 5G (Forest Green, 256 GB)","? 44,999.00",12 GB RAM | 256 GB ROM16.74 cm (6.59 inch) Display50MP + 8MP + 50MP | 50MP Front Camera6000 mAh BatteryDimensity 8350 Processor1 Year Manufacturer Warranty for Device and 6 Months Manufacturer Warranty for Inbox Accessories,4.5
32,"OPPO F33 Pro 5G (Passion Red, 256 GB)","? 39,599.00",8 GB RAM | 256 GB ROM16.69 cm (6.57 inch) Full HD+ AMOLED Display50MP + 2MP | 50MP Front Camera7000 mAh lithium-ion polymer BatteryDimensity 6360 MAX Processor1 Year Manufacturer Warranty for Device and 6 Months Manufacturer Warranty for Inbox Accessories,4.3
33,"realme Gt 7 (Icesense Blue, 512 GB)","? 41,999.00",12 GB RAM | 512 GB ROM17.22 cm (6.78 inch) Full HD+ AMOLED Display50MP + 50MP + 50MP + 8MP | 32MP + 32MP Dual Front Camera7000 mAh BatteryDimensity Processor1 Year manufacturer Warranty for handset & 6 months for accessories,4.4
34,"OnePlus 13R 5g (Astral Trail, 256 GB)","? 44,950.00",12 GB RAM | 256 GB ROM17.22 cm (6.78 inch) Display50MP Rear Camera6000 mAh Battery1 year manufacturer warranty for device and 1 year manufacturer warranty for in-box accessories including batteries from the date of purchase,4.5
35,"OPPO Reno13 5G (Ivory White, 256 GB)","? 40,999.00",8 GB RAM | 256 GB ROM16.74 cm (6.59 inch) Display50MP + 8MP + 2MP | 50MP Front Camera5600 mAh BatteryDimensity 8350 Processor1 Year Warranty on Handset and 6 Months Warranty on Accessories,4.4
36,"Nothing Phone (4a) Pro (Black, 128 GB)","? 49,999.00",8 GB RAM | 128 GB ROM17.35 cm (6.83 inch) Full HD+ AMOLED Display50MP + 50MP + 8MP | 32MP Front Camera5400 mAh Lithium ion BatterySnapdragon 7 Gen 4 Processor1 Year Manufacturing Warranty,4.5
37,"MOTOROLA edge 70 pro (Satin-Luxe PANTONE Tea (Green), 256 GB)","? 42,999.00",12 GB RAM | 256 GB ROM17.27 cm (6.8 inch) Full HD+ Super AMOLED Display50MP + 50MP | 50MP Front Camera6500 mAh Silicon-Carbon BatteryDimensity 8500 Extreme Processor1 Year on Handset and 6 Months on Accessories,4.3
38,"vivo V70 FE (Monsoon Blue, 256 GB)","? 40,999.00",8 GB RAM | 256 GB ROM17.35 cm (6.83 inch) Full HD+ AMOLED Display200MP + 8MP | 50MP Front Camera7000 mAh Li-ion BatteryDimensity 7360-Turbo Processor1 Year Manufacturer Warranty for Device and 6 Months Manufacturer Warranty for Inbox Accessories,4.3
39,"POCO X8 Pro Max (Blue, 256 GB)","? 44,999.00",12 GB RAM | 256 GB ROM17.35 cm (6.83 inch) Full HD+ AMOLED Display50MP + 8MP | 20MP Front Camera9000 mAh Lithium-Ion Polymer With Silicon Carbon Technology BatteryDimensity 9500s Processor1 Year Manufacturer Warranty for Phone and 6 Months Warranty for In the Box Accessories,4.5
40,"Samsung Galaxy A56 5G (Awesome Graphite, 256 GB)","? 46,999.00",8 GB RAM | 256 GB ROM17.02 cm (6.7 inch) Full HD+ Display50MP + 12MP + 5MP | 12MP Front Camera5000 mAh BatterySamsung Exynos 1580 Processor1 Year Manufacturer Warranty for Device and 6 Months for In-Box Accessories,4.4
41,"OnePlus Nord 6 (Quick Silver, 256 GB)","? 44,310.00","8 GB RAM | 256 GB ROM | Expandable Upto 256 GB17.22 cm (6.78 inch) Full HD+ Display50MP Rear Camera9000 mAh Battery4 octa-core processor Processorone-year limited warranty starting from the date of delivery, covering manufacturing defects in materials and workmanship",4.5
42,"Samsung Galaxy A37 5G (Awesome Graygreen, 128 GB)","? 41,999.00",8 GB RAM | 128 GB ROM17.02 cm (6.7 inch) Full HD+ Super AMOLED Display50MP + 8MP | 12MP Front Camera5000 mAh Li-ion BatteryExynos 1480 Processor1 Year Manufacturer Warranty for Device and 6 Months for In-Box Accessories,4.3
43,"OnePlus Nord 6 (Pitch Black, 256 GB)","? 45,499.00","8 GB RAM | 256 GB ROM | Expandable Upto 256 GB17.22 cm (6.78 inch) Full HD+ Display50MP Rear Camera9000 mAh Battery4 octa-core processor Processorone-year limited warranty starting from the date of delivery, covering manufacturing defects in materials and workmanship",4.5
44,"POCO X8 Pro Max (White, 512 GB)","? 48,999.00",12 GB RAM | 512 GB ROM17.35 cm (6.83 inch) Full HD+ AMOLED Display50MP + 8MP | 20MP Front Camera9000 mAh Lithium-Ion Polymer With Silicon Carbon Technology BatteryDimensity 9500s Processor1 Year Manufacturer Warranty for Phone and 6 Months Warranty for In the Box Accessories,4.5
45,"REDMI Note 15 Pro + 5G (Coffee Mocha, 256 GB)","? 39,899.00",12 GB RAM | 256 GB ROM17.35 cm (6.83 inch) Display200MP Rear Camera6500 mAh Battery12 Months Brand Warranty,4.2
46,"Samsung Galaxy A36 5G (Awesome Black, 256 GB)","? 36,989.00",12 GB RAM | 256 GB ROM17.02 cm (6.7 inch) Full HD+ Display50MP + 8MP | 12MP Front Camera5000 mAh BatteryQualcomm Snapdragon 6 Gen 3 Processor1 Year Manufacturer Warranty for Device and 6 Months for In-Box Accessories,4.4
47,"vivo V70 FE (Monsoon Blue, 256 GB)","? 44,999.00",12 GB RAM | 256 GB ROM17.35 cm (6.83 inch) Full HD+ AMOLED Display200MP + 8MP | 50MP Front Camera7000 mAh Li-ion BatteryDimensity 7360-Turbo Processor1 Year Manufacturer Warranty for Device and 6 Months Manufacturer Warranty for Inbox Accessories,4.3
48,"OPPO Reno15 5G (Aurora Blue, 256 GB)","? 47,999.00",8 GB RAM | 256 GB ROM16.74 cm (6.59 inch) Full HD+ Display50MP + 50MP + 8MP | Yes6500 mAh Battery7 Gen 4 Processor1 Year Manufacturer Warranty for Device and 6 Months Manufacturer Warranty for Inbox Accessories,4.5
49,"Xiaomi 14 CIVI (Matcha Green, 256 GB)","? 43,101.00",8 GB RAM | 256 GB ROM16.64 cm (6.55 inch) Display50MP Rear Camera | 32MP + 32MP Dual Front Camera4700 mAh Battery8s Gen 3 Mobile Platform Processor1 Year Manufacturer Warranty for Phone and 6 Months Warranty for In the Box Accessories,4.2
50,"OPPO F33 Pro 5G (Misty Forest, 256 GB)","? 40,999.00",8 GB RAM | 256 GB ROM16.69 cm (6.57 inch) Full HD+ AMOLED Display50MP + 2MP | 50MP Front Camera7000 mAh lithium-ion polymer BatteryDimensity 6360 MAX Processor1 Year Manufacturer Warranty for Device and 6 Months Manufacturer Warranty for Inbox Accessories,4.3
51,"Xiaomi 14 CIVI (Hot Pink, 512 GB)","? 44,999.00",12 GB RAM | 512 GB ROM16.64 cm (6.55 inch) Display50MP Rear Camera | 32MP + 32MP Dual Front Camera4700 mAh Battery8s Gen 3 Mobile Platform Processor1 Year Manufacturer Warranty for Phone and 6 Months Warranty for In the Box Accessories,4.3
52,"Nothing Phone (4a) Pro (Silver, 128 GB)","? 49,999.00",8 GB RAM | 128 GB ROM17.35 cm (6.83 inch) Full HD+ AMOLED Display50MP + 50MP + 8MP | 32MP Front Camera5400 mAh Lithium ion BatterySnapdragon 7 Gen 4 Processor1 Year Manufacturing Warranty,4.5
53,"Nothing Phone (4a) (Pink, 256 GB)","? 43,999.00",12 GB RAM | 256 GB ROM17.22 cm (6.78 inch) Full HD+ AMOLED Display50MP + 50MP + 8MP | 32MP Front Camera5400 mAh Lithium ion BatterySnapdragon 7s Gen 4 Processor1 Year Manufacturing Warranty,4.5
54,"OnePlus 8 Pro (Ultramarine Blue, 256 GB)","? 36,873.00",12 GB RAM | 256 GB ROM17.22 cm (6.78 inch) Full HD+ Display48MP + 48MP + 8MP + 5MP | 16MP Front Camera4510 mAh BatteryQualcomm Snapdragon 865 Processor1 Year1 year manufacturer warranty for device and 6 months manufacturer warranty for in-box accessories,3.3
55,"Samsung Galaxy A37 5G (Awesome Lavender, 256 GB)","? 47,499.00",8 GB RAM | 256 GB ROM17.02 cm (6.7 inch) Full HD+ Super AMOLED Display50MP + 8MP | 12MP Front Camera5000 mAh Li-ion BatteryExynos 1480 Processor1 Year Manufacturer Warranty for Device and 6 Months for In-Box Accessories,4.3
56,"Google Pixel 10a (Lavender, 256 GB)","? 49,999.00",8 GB RAM | 256 GB ROM16.0 cm (6.3 inch) Full HD+ AMOLED Display48MP + 13MP | 13MP Front Camera5100 mAh Lithium BatteryTensor G4 Processor1 year domestic warranty,4.5
57,"Google Pixel 10a (Berry, 256 GB)","? 49,999.00",8 GB RAM | 256 GB ROM16.0 cm (6.3 inch) Full HD+ AMOLED Display48MP + 13MP | 13MP Front Camera5100 mAh Lithium BatteryTensor G4 Processor1 year domestic warranty,4.5
58,"Samsung Galaxy A36 5G (Awesome Lavender, 256 GB)","? 36,980.00",12 GB RAM | 256 GB ROM17.02 cm (6.7 inch) Full HD+ Display50MP + 8MP | 12MP Front Camera5000 mAh BatteryQualcomm Snapdragon 6 Gen 3 Processor1 Year Manufacturer Warranty for Device and 6 Months for In-Box Accessories,4.4
59,"vivo V70 (Lemon Yellow, 256 GB)","? 49,999.00",8 GB RAM | 256 GB ROM16.74 cm (6.59 inches) Full HD+ AMOLED Display50MP + 50MP + 8MP | Yes6500 mAh Li-ion battery BatterySnapdragon 7 Gen 4 Processor1 Year Warranty on Handset and 6 Months Warranty on Accessories,4.6
60,"OPPO Reno14 5G (Pearl White, 256 GB)","? 44,999.00",12 GB RAM | 256 GB ROM16.74 cm (6.59 inch) Display50MP + 8MP + 50MP | 50MP Front Camera6000 mAh BatteryDimensity 8350 Processor1 Year Manufacturer Warranty for Device and 6 Months Manufacturer Warranty for Inbox Accessories,4.5
61,"Samsung Galaxy S21 FE 5G (Olive Green, 128 GB)","? 49,999.00",8 GB RAM | 128 GB ROM16.26 cm (6.4 inch) Full HD+ Display12MP + 12MP + 8MP (OIS) | 32MP Front Camera4500 mAh Lithium-ion Battery1 Year Manufacturer Warranty for Device and 6 Months Manufacturer Warranty for In-Box Accessories,4.3
62,"realme 16 Pro+ 5G (Master Grey, 256 GB)","? 48,999.00",8 GB RAM | 256 GB ROM17.27 cm (6.8 inch) Full HD+ AMOLED Display200MP + 50MP + 8MP | 50MP Front Camera7000 mAh Battery7 Gen 4 Processor1 Year Manufacturer Warranty for Phone and 6 Months Warranty for In-Box Accessories,4.5
63,"OPPO Reno15c 5G (Twilight Blue, 256 GB)","? 44,999.00",12 GB RAM | 256 GB ROM16.69 cm (6.57 inch) Full HD+ Display50MP + 8MP + 2MP | Yes7000 mAh Battery6 Gen 1 Processor1 Year Manufacturer Warranty for Device and 6 Months Manufacturer Warranty for Inbox Accessories,4.3
64,"REDMI Note 15 Pro + 5G (Mirage Blue, 256 GB)","? 39,715.00",12 GB RAM | 256 GB ROM17.35 cm (6.83 inch) Display200MP Rear Camera6500 mAh Battery12 Months Brand Warranty,4.2
65,"OPPO Reno13 5G (Sky Blue, 512 GB)","? 41,999.00",12 GB RAM | 512 GB ROM16.74 cm (6.59 inch) Display50MP + 8MP + 2MP | 50MP Front Camera5600 mAh BatteryDimensity 8350 Processor1 Year Warranty on Handset and 6 Months Warranty on Accessories,4.5
66,"Nothing Phone (4a) (Blue, 256 GB)","? 40,999.00",8 GB RAM | 256 GB ROM17.22 cm (6.78 inch) Full HD+ AMOLED Display50MP + 50MP + 8MP | 32MP Front Camera5400 mAh Lithium ion BatterySnapdragon 7s Gen 4 Processor1 Year Manufacturing Warranty,4.4
67,"Xiaomi 11T Pro 5G Hyperphone (Celestial Magic, 256 GB)","? 50,000.00",8 GB RAM | 256 GB ROM16.94 cm (6.67 inch) Display108MP Rear Camera5000 mAh Battery12 months,3.9
68,"OnePlus Nord 6 (Fresh Mint, 256 GB)","? 44,279.00","8 GB RAM | 256 GB ROM | Expandable Upto 256 GB17.22 cm (6.78 inch) Full HD+ Display50MP Rear Camera9000 mAh Battery4 octa-core processor Processorone-year limited warranty starting from the date of delivery, covering manufacturing defects in materials and workmanship",4.5
69,"Samsung Galaxy A56 5G (Awesome Light Gray, 256 GB)","? 46,999.00",8 GB RAM | 256 GB ROM17.02 cm (6.7 inch) Full HD+ Display50MP + 12MP + 5MP | 12MP Front Camera5000 mAh BatterySamsung Exynos 1580 Processor1 Year Manufacturer Warranty for Device and 6 Months for In-Box Accessories,4.4
70,"Samsung Galaxy S24 Exynos 5G (Amber Yellow, 128 GB)","? 49,999.00",8 GB RAM | 128 GB ROM15.75 cm (6.2 inch) Full HD+ Display50MP + 10MP + 12MP | 12MP Front Camera4000 mAh BatteryExynos 2400 Processor1 Year Manufacturer Warranty for Device and 6 Months for In-Box Accessories,4.5
71,"Samsung Galaxy S24 Exynos 5G (Marble Gray, 128 GB)","? 49,999.00",8 GB RAM | 128 GB ROM15.75 cm (6.2 inch) Full HD+ Display50MP + 10MP + 12MP | 12MP Front Camera4000 mAh BatteryExynos 2400 Processor1 Year Manufacturer Warranty for Device and 6 Months for In-Box Accessories,4.5
72,"Samsung Galaxy A37 5G (Awesome Lavender, 128 GB)","? 41,999.00",8 GB RAM | 128 GB ROM17.02 cm (6.7 inch) Full HD+ Super AMOLED Display50MP + 8MP | 12MP Front Camera5000 mAh Li-ion BatteryExynos 1480 Processor1 Year Manufacturer Warranty for Device and 6 Months for In-Box Accessories,4.3
73,"Samsung Galaxy A54 5G (Awesome Violet, 128 GB)","? 25,999.00","8 GB RAM | 128 GB ROM | Expandable Upto 1 TB16.26 cm (6.4 inch) Full HD+ Display50MP + 12MP + 5MP | 32MP Front Camera5000 mAh BatteryExynos 1380, Octa Core Processor1 Year Manufacturer Warranty for Device and 6 Months Manufacturer Warranty for In-Box Accessories",4.3
74,"Nothing Phone (4a) (Black, 256 GB)","? 40,999.00",12 GB RAM | 256 GB ROM17.22 cm (6.78 inch) Full HD+ AMOLED Display50MP + 50MP + 8MP | 32MP Front Camera5400 mAh Lithium ion BatterySnapdragon 7s Gen 4 Processor1 Year Manufacturing Warranty,4.5
75,"OPPO Reno11 Pro 5G (Pearl White, 256 GB)","? 44,999.00",12 GB RAM | 256 GB ROM17.02 cm (6.7 inch) Full HD+ Display50MP + 8MP + 32MP | 32MP Front Camera4600 mAh BatteryMediatek Dimensity 8200 Processor1 Year Manufacturer Warranty for Device and 6 Months Manufacturer Warranty for Inbox Accessories,4.4
76,"MOTOROLA edge 70 pro (Tailored Fabric - PANTONE Titan (Blue), 256 GB)","? 42,999.00",12 GB RAM | 256 GB ROM17.27 cm (6.8 inch) Full HD+ Super AMOLED Display50MP + 50MP | 50MP Front Camera6500 mAh Silicon-Carbon BatteryDimensity 8500 Extreme Processor1 Year on Handset and 6 Months on Accessories,4.3
77,"OnePlus 11 5G (Titan Black, 256 GB)","? 42,549.00",16 GB RAM | 256 GB ROM17.02 cm (6.7 inch) Display50MP Rear Camera | 16MP Front Camera5000 mAh Batterydomestic warranty of 12 months on phone & 6 months on accessories,4.5
78,"OPPO Reno 12 5G (Matte Brown, 256 GB)","? 43,999.00",8 GB RAM | 256 GB ROM | Expandable Upto 1 TB17.02 cm (6.7 inch) Full HD+ Display50MP + 8MP + 2MP | 32MP Front Camera5000 mAh BatteryDimensity 7300 Energy Processor1 Year Manufacturer Warranty for Device and 6 Months Manufacturer Warranty for Inbox Accessories,4.4
79,"OPPO Reno 12 5G (Sunset Peach, 256 GB)","? 43,999.00",8 GB RAM | 256 GB ROM | Expandable Upto 1 TB17.02 cm (6.7 inch) Full HD+ Display50MP + 8MP + 2MP | 32MP Front Camera5000 mAh BatteryDimensity 7300 Energy Processor1 Year Manufacturer Warranty for Device and 6 Months Manufacturer Warranty for Inbox Accessories,4.4
80,"OPPO Reno14 5G (Pearl White, 512 GB)","? 47,999.00",12 GB RAM | 512 GB ROM16.74 cm (6.59 inch) Display50MP + 8MP + 50MP | 50MP Front Camera6000 mAh BatteryDimensity 8350 Processor1 Year Manufacturer Warranty for Device and 6 Months Manufacturer Warranty for Inbox Accessories,4.5
81,"OPPO F33 Pro 5G (Starry Blue, 256 GB)","? 40,999.00",8 GB RAM | 256 GB ROM16.69 cm (6.57 inch) Full HD+ AMOLED Display50MP + 2MP | 50MP Front Camera7000 mAh lithium-ion polymer BatteryDimensity 6360 MAX Processor1 Year Manufacturer Warranty for Device and 6 Months Manufacturer Warranty for Inbox Accessories,4.3
82,"POCO X8 Pro Max (Blue, 512 GB)","? 48,999.00",12 GB RAM | 512 GB ROM17.35 cm (6.83 inch) Full HD+ AMOLED Display50MP + 8MP | 20MP Front Camera9000 mAh Lithium-Ion Polymer With Silicon Carbon Technology BatteryDimensity 9500s Processor1 Year Manufacturer Warranty for Phone and 6 Months Warranty for In the Box Accessories,4.5
83,"POCO X8 Pro Max (White, 256 GB)","? 44,999.00",12 GB RAM | 256 GB ROM17.35 cm (6.83 inch) Full HD+ AMOLED Display50MP + 8MP | 20MP Front Camera9000 mAh Lithium-Ion Polymer With Silicon Carbon Technology BatteryDimensity 9500s Processor1 Year Manufacturer Warranty for Phone and 6 Months Warranty for In the Box Accessories,4.5
84,"OPPO Reno13 5G (Blue, 128 GB)","? 34,999.00",8 GB RAM | 128 GB ROM16.74 cm (6.59 inch) Display50MP + 8MP + 2MP | 50MP Front Camera5600 mAh BatteryDimensity 8350 Processor1 Year Warranty on Handset and 6 Months Warranty on Accessories,4.4
85,"Samsung Galaxy A37 5G (Awesome Charcoal, 256 GB)","? 47,499.00",8 GB RAM | 256 GB ROM17.02 cm (6.7 inch) Full HD+ Super AMOLED Display50MP + 8MP | 12MP Front Camera5000 mAh Li-ion BatteryExynos 1480 Processor1 Year Manufacturer Warranty for Device and 6 Months for In-Box Accessories,4.3
86,"OPPO Reno13 Pro 5G (Mist Lavender, 256 GB)","? 42,000.00",12 GB RAM | 256 GB ROM17.35 cm (6.83 inch) Display50MP + 50MP + 8MP | 50MP Front Camera5800 mAh BatteryDimensity 8350 Processor1 Year Warranty on Handset and 6 Months Warranty on Accessories,4.5
87,"vivo V70 FE (Northern Lights Purple, 256 GB)","? 44,999.00",12 GB RAM | 256 GB ROM17.35 cm (6.83 inch) Full HD+ AMOLED Display200MP + 8MP | 50MP Front Camera7000 mAh Li-ion BatteryDimensity 7360-Turbo Processor1 Year Manufacturer Warranty for Device and 6 Months Manufacturer Warranty for Inbox Accessories,4.3
88,"POCO X8 Pro Max (Black, 256 GB)","? 44,999.00",12 GB RAM | 256 GB ROM17.35 cm (6.83 inch) Full HD+ AMOLED Display50MP + 8MP | 20MP Front Camera9000 mAh Lithium-Ion Polymer With Silicon Carbon Technology BatteryDimensity 9500s Processor1 Year Manufacturer Warranty for Phone and 6 Months Warranty for In the Box Accessories,4.5
89,"Samsung Galaxy A37 5G (Awesome Graygreen, 256 GB)","? 47,499.00",8 GB RAM | 256 GB ROM17.02 cm (6.7 inch) Full HD+ Super AMOLED Display50MP + 8MP | 12MP Front Camera5000 mAh Li-ion BatteryExynos 1480 Processor1 Year Manufacturer Warranty for Device and 6 Months for In-Box Accessories,4.3
90,"OPPO Reno11 Pro 5G (Rock Grey, 256 GB)","? 44,999.00",12 GB RAM | 256 GB ROM17.02 cm (6.7 inch) Full HD+ Display50MP + 8MP + 32MP | 32MP Front Camera4600 mAh BatteryMediatek Dimensity 8200 Processor1 Year Manufacturer Warranty for Device and 6 Months Manufacturer Warranty for Inbox Accessories,4.4
91,"OPPO Reno 12 5G (Astro Silver, 256 GB)","? 43,999.00",8 GB RAM | 256 GB ROM | Expandable Upto 1 TB17.02 cm (6.7 inch) Full HD+ Display50MP + 8MP + 2MP | 32MP Front Camera5000 mAh BatteryDimensity 7300 Energy Processor1 Year Manufacturer Warranty for Device and 6 Months Manufacturer Warranty for Inbox Accessories,4.4
92,"Samsung Galaxy A56 5G (Awesome Olive, 256 GB)","? 46,999.00",8 GB RAM | 256 GB ROM17.02 cm (6.7 inch) Full HD+ Display50MP + 12MP + 5MP | 12MP Front Camera5000 mAh BatterySamsung Exynos 1580 Processor1 Year Manufacturer Warranty for Device and 6 Months for In-Box Accessories,4.4
93,"realme X50 Pro (Moss Green, 128 GB)","? 41,999.00",8 GB RAM | 128 GB ROM16.36 cm (6.44 inch) Full HD+ Display64MP + 12MP + 8MP + 2MP | 32MP + 8MP Dual Front Camera4200 mAh Battery5G PhoneQualcomm Snapdragon 865 Processor65W Superdart ChargeBrand Warranty of 1 Year Available for Mobile and 6 Months for Accessories,4.4
94,"OPPO Reno13 5G (Ivory White, 128 GB)","? 41,999.00",8 GB RAM | 128 GB ROM16.74 cm (6.59 inch) Display50MP + 8MP + 2MP | 50MP Front Camera5600 mAh BatteryDimensity 8350 Processor1 Year Warranty on Handset and 6 Months Warranty on Accessories,4.4
95,"Xiaomi 11T Pro 5G Hyperphone (Moonlight White, 256 GB)","? 40,467.00",8 GB RAM | 256 GB ROM16.94 cm (6.67 inch) Display108MP Rear Camera5000 mAh Battery12 months,3.9
96,"Motorola Edge 20 Pro 5G (Midnight Sky, 128 GB)","? 45,999.00",8 GB RAM | 128 GB ROM17.02 cm (6.7 inch) Full HD+ Display108MP + 16MP + 8MP | 32MP Front Camera4500 mAh BatteryQualcomm Snapdragon 870 5G (SM8250-AC) Processor1 Year on Handset and 6 Months on Accessories,4
97,"IQOO 3 (5G) (Tornado Black, 256 GB)","? 46,990.00","12 GB RAM | 256 GB ROM16.36 cm (6.44 inch) Full HD+ Display48MP + 13MP + 13MP + 2MP | 16MP Front Camera4440 mAh Li-ion BatteryQualcomm Snapdragon 865 ProcessorIn-Display Fingerprint Sensor, Monster Touch Buttons55 W Super Flash ChargeSuper AMOLED DisplayBrand Warranty of 1 Year Available for Mobile and Accessories",4.4
98,"Nothing Phone (4a) (White, 128 GB)","? 37,999.00",8 GB RAM | 128 GB ROM17.22 cm (6.78 inch) Full HD+ AMOLED Display50MP + 50MP + 8MP | 32MP Front Camera5400 mAh Lithium ion BatterySnapdragon 7s Gen 4 Processor1 Year Manufacturing Warranty,4.4
99,"realme GT 7T (IceSense Blue, 512 GB)","? 35,999.00",12 GB RAM | 512 GB ROM17.27 cm (6.8 inch) Full HD+ AMOLED Display50MP + 8MP | 32MP Front Camera7000 mAh Li-ion BatteryDimensity 8400-MAX Processorstandard 1-year warranty for the device  and a 6-month warranty for accessories,4.4
100,"realme GT 7T (IceSense Black, 512 GB)","? 35,999.00",12 GB RAM | 512 GB ROM17.27 cm (6.8 inch) Full HD+ AMOLED Display50MP + 8MP | 32MP Front Camera7000 mAh Li-ion BatteryDimensity 8400-MAX Processorstandard 1-year warranty for the device  and a 6-month warranty for accessories,4.4
101,"MOTOROLA edge 70 pro (Tailored Fabric - PANTONE Titan (Blue), 256 GB)","? 39,999.00",8 GB RAM | 256 GB ROM17.27 cm (6.8 inch) Full HD+ Super AMOLED Display50MP + 50MP | 50MP Front Camera6500 mAh Silicon-Carbon BatteryDimensity 8500 Extreme Processor1 Year on Handset and 6 Months on Accessories,4.4
102,"POCO X8 Pro Charger in the Box (Black, 256 GB)","? 37,999.00",12 GB RAM | 256 GB ROM16.74 cm (6.59 inch) Full HD+ AMOLED Display50MP + 8MP | 20MP Front Camera6500 mAh Lithium-Ion Polymer With Silicon Carbon Technology BatteryDimensity 8500-Ultra Processor1 Year Manufacturer Warranty for Phone and 6 Months Warranty for In the Box Accessories,4.4
103,"Nothing Phone (4a) (White, 256 GB)","? 37,999.00",8 GB RAM | 256 GB ROM17.22 cm (6.78 inch) Full HD+ AMOLED Display50MP + 50MP + 8MP | 32MP Front Camera5400 mAh Lithium ion BatterySnapdragon 7s Gen 4 Processor1 Year Manufacturing Warranty,4.4
104,"MOTOROLA Edge 60 Pro (Pantone Sparkling Grape, 512 GB)","? 37,999.00",16 GB RAM | 512 GB ROM17.02 cm (6.7 inch) Display50MP + 50MP + 10MP | 50MP Front Camera6000 mAh BatteryDimensity 8350 Processor1 Year Warranty on Handset and 6 Months Warranty on Accessories,4.4
105,"Nothing Phone (4a) (Black, 256 GB)","? 37,999.00",8 GB RAM | 256 GB ROM17.22 cm (6.78 inch) Full HD+ AMOLED Display50MP + 50MP + 8MP | 32MP Front Camera5400 mAh Lithium ion BatterySnapdragon 7s Gen 4 Processor1 Year Manufacturing Warranty,4.4
106,"realme 16 Pro 5G (Master Gold, 256 GB)","? 39,999.00",8 GB RAM | 256 GB ROM17.22 cm (6.78 inch) Full HD+ Display200MP + 8MP | 50MP Front Camera7000 mAh BatteryDimensity 7300 Max Processor1 Year Manufacturer Warranty for Phone and 6 Months Warranty for In-Box Accessories,4.4
107,"REDMI Note 15 Pro + 5G (Carbon Black, 256 GB)","? 36,978.00",8 GB RAM | 256 GB ROM17.35 cm (6.83 inch) Display200MP Rear Camera6500 mAh Battery12 Months Brand Warranty,4.3
108,"realme 16 Pro 5G (Master Gold, 128 GB)","? 36,999.00",8 GB RAM | 128 GB ROM17.22 cm (6.78 inch) Full HD+ Display200MP + 8MP | 50MP Front Camera7000 mAh BatteryDimensity 7300 Max Processor1 Year Manufacturer Warranty for Phone and 6 Months Warranty for In-Box Accessories,4.4
109,"POCO F7 5G (Phantom Black, 256 GB)","? 35,999.00","12 GB RAM | 256 GB ROM17.35 cm (6.83 inch) Display50MP Rear Camera | 20MP Front Camera7550 mAh Li-Polymer + Silicon Carbon Battery8s Gen 4 ProcessorRear Camera -50MP Main Camera -8MP Ultra-wide Camera with night mode and ultra-wide video recordingFront camera -20MP with Portrait Mode | | Front Video Recording | Night ModeDisplay -6.83 inch 1.5K pOLED with 120 Hz refresh rateBattery 7550mAh, 90W charger, 22.5W reverse charging1 Year Manufacturer Warranty for Phone and 6 Months Warranty for In the Box Accessories",4.4
110,"vivo V60 5G (Mist Gray, 128 GB)","? 37,999.00",8 GB RAM | 128 GB ROM17.2 cm (6.77 inch) Display50MP + 8MP + 50MP | 50MP Front Camera6500 mAh Battery7 Gen 4 Processor1 Year Manufacturer Warranty for Device and 6 Months Manufacturer Warranty for Inbox Accessories,4.5
111,"POCO F7 5G (Frost White, 256 GB)","? 35,999.00","12 GB RAM | 256 GB ROM17.35 cm (6.83 inch) Display50MP Rear Camera | 20MP Front Camera7550 mAh Li-Polymer + Silicon Carbon Battery8s Gen 4 ProcessorRear Camera -50MP Main Camera -8MP Ultra-wide Camera with night mode and ultra-wide video recordingFront camera -20MP with Portrait Mode | | Front Video Recording | Night ModeDisplay -6.83 inch 1.5K pOLED with 120 Hz refresh rateBattery 7550mAh, 90W charger, 22.5W reverse charging1 Year Manufacturer Warranty for Phone and 6 Months Warranty for In the Box Accessories",4.4
112,"IQOO Neo 10 (Asphalt Black, 256 GB)","? 38,490.00",8 GB RAM | 256 GB ROM17.22 cm (6.78 inch) Full HD+ E3 Super AMOLED Display50MP + 50MP + 8MP | 32MP + 32MP Dual Front Camera7000 mAh BatteryQualcomm ProcessorDomestic warranty 1 year for handset and 6 months for accessories,4.5
113,"POCO F7 5G (Phantom Black, 512 GB)","? 37,999.00","12 GB RAM | 512 GB ROM17.35 cm (6.83 inch) Display50MP Rear Camera | 20MP Front Camera7550 mAh Li-Polymer + Silicon Carbon Battery8s Gen 4 ProcessorRear Camera -50MP Main Camera -8MP Ultra-wide Camera with night mode and ultra-wide video recordingFront camera -20MP with Portrait Mode | | Front Video Recording | Night ModeDisplay -6.83 inch 1.5K pOLED with 120 Hz refresh rateBattery 7550mAh, 90W charger, 22.5W reverse charging1 Year Manufacturer Warranty for Phone and 6 Months Warranty for In the Box Accessories",4.4
114,"OnePlus Nord 5 (Phantom Grey, 256 GB)","? 39,990.00",8 GB RAM | 256 GB ROM17.35 cm (6.83 inch) Full HD+ AMOLED Display50MP + 50MP + 8MP | 50MP Front Camera6800 mAh BatteryQualcomm® Snapdragon™ 8s Gen 3 Mobile Platform Processor1 Year manufacturer,4.5
115,"OPPO Reno15 5G (Glacier White, 256 GB)","? 47,999.00",8 GB RAM | 256 GB ROM16.74 cm (6.59 inch) Full HD+ Display50MP + 50MP + 8MP | Yes6500 mAh Battery7 Gen 4 Processor1 Year Manufacturer Warranty for Device and 6 Months Manufacturer Warranty for Inbox Accessories,4.5
116,"Xiaomi 11T Pro 5G Hyperphone (Meteorite Black, 256 GB)","? 44,851.00",12 GB RAM | 256 GB ROM16.94 cm (6.67 inch) Display108MP Rear Camera5000 mAh Battery12 months,4.1
117,"OnePlus 10 Pro 5G (Emerald Forest, 128 GB)","? 45,352.00",8 GB RAM | 128 GB ROM17.02 cm (6.7 inch) Display48MP Rear Camera5000 mAh Battery1 year manufacturer warranty for device and 6 months manufacturer warranty for in-box accessories including batteries from the date of purchase,4.2
118,"vivo V50 (SARRY NIGHT, 256 GB)","? 49,000.00",8 GB RAM | 256 GB ROM17.2 cm (6.77 inch) Display50MP Rear Camera6000 mAh Battery12 MONTHS,3.8
119,"Apple iPhone 12 (Black, 64 GB)","? 49,900.00","64 GB ROM15.49 cm (6.1 inch) Super Retina XDR Display12MP + 12MP | 12MP Front CameraA14 Bionic Chip with Next Generation Neural Engine ProcessorCeramic ShieldIndustry-leading IP68 Water ResistanceAll Screen OLED Display12MP TrueDepth Front Camera with Night Mode, 4K Dolby Vision HDR Recording1 year warranty for phone and 1 year warranty for in Box Accessories.",4.6
120,"MOTOROLA edge 70 pro (Marble - PANTONE Lily white (white), 256 GB)","? 39,999.00",8 GB RAM | 256 GB ROM17.27 cm (6.8 inch) Full HD+ Super AMOLED Display50MP + 50MP | 50MP Front Camera6500 mAh Silicon-Carbon BatteryDimensity 8500 Extreme Processor1 Year on Handset and 6 Months on Accessories,4.4
121,"POCO F7 5G (Phantom Black, 256 GB)","? 35,999.00","12 GB RAM | 256 GB ROM17.35 cm (6.83 inch) Display50MP Rear Camera | 20MP Front Camera7550 mAh Li-Polymer + Silicon Carbon Battery8s Gen 4 ProcessorRear Camera -50MP Main Camera -8MP Ultra-wide Camera with night mode and ultra-wide video recordingFront camera -20MP with Portrait Mode | | Front Video Recording | Night ModeDisplay -6.83 inch 1.5K pOLED with 120 Hz refresh rateBattery 7550mAh, 90W charger, 22.5W reverse charging1 Year Manufacturer Warranty for Phone and 6 Months Warranty for In the Box Accessories",4.4
122,"OnePlus Nord CE6 (Lunar Pearl, 128 GB)","? 33,097.00",8 GB RAM | 128 GB ROM | Expandable Upto 128 GB17.22 cm (6.78 inch) Full HD+ Display50MP Rear Camera | 2MP Front Camera8000 mAh BatteryQualcomm® Snapdragon™ 7s Gen 4 Processorone year of handset six month of accessories,4.3
123,"OnePlus Nord CE6 (Fresh Blue, 256 GB)","? 36,120.00",8 GB RAM | 256 GB ROM | Expandable Upto 256 GB17.22 cm (6.78 inch) Full HD+ Display50MP Rear Camera | 2MP Front Camera8000 mAh BatteryQualcomm® Snapdragon™ 7s Gen 4 Processorone year of handset six month of accessories,4.3
124,"OnePlus Nord CE6 (Lunar Pearl, 256 GB)","? 36,198.00",8 GB RAM | 256 GB ROM | Expandable Upto 256 GB17.22 cm (6.78 inch) Full HD+ Display50MP Rear Camera | 2MP Front Camera8000 mAh BatteryQualcomm® Snapdragon™ 7s Gen 4 Processorone year of handset six month of accessories,4.3
125,"MOTOROLA Edge 60 Pro (Pantone Shadow, 512 GB)","? 37,999.00",16 GB RAM | 512 GB ROM17.02 cm (6.7 inch) Display50MP + 50MP + 10MP | 50MP Front Camera6000 mAh BatteryDimensity 8350 Processor1 Year Warranty on Handset and 6 Months Warranty on Accessories,4.4
126,"Samsung Galaxy A36 5G (Awesome Black, 256 GB)","? 31,399.00",8 GB RAM | 256 GB ROM17.02 cm (6.7 inch) Full HD+ Display50MP + 8MP | 12MP Front Camera5000 mAh BatteryQualcomm Snapdragon 6 Gen 3 Processor1 Year Manufacturer Warranty for Device and 6 Months for In-Box Accessories,4.3
127,"Nothing Phone (4a) (Black, 256 GB)","? 37,999.00",8 GB RAM | 256 GB ROM17.22 cm (6.78 inch) Full HD+ AMOLED Display50MP + 50MP + 8MP | 32MP Front Camera5400 mAh Lithium ion BatterySnapdragon 7s Gen 4 Processor1 Year Manufacturing Warranty,4.4
128,"Nothing Phone (4a) (White, 256 GB)","? 37,999.00",8 GB RAM | 256 GB ROM17.22 cm (6.78 inch) Full HD+ AMOLED Display50MP + 50MP + 8MP | 32MP Front Camera5400 mAh Lithium ion BatterySnapdragon 7s Gen 4 Processor1 Year Manufacturing Warranty,4.4
129,"IQOO Neo 10 (Asphalt Black, 256 GB)","? 38,490.00",8 GB RAM | 256 GB ROM17.22 cm (6.78 inch) Full HD+ E3 Super AMOLED Display50MP + 50MP + 8MP | 32MP + 32MP Dual Front Camera7000 mAh BatteryQualcomm ProcessorDomestic warranty 1 year for handset and 6 months for accessories,4.5
130,"POCO F7 5G (Frost White, 256 GB)","? 35,999.00","12 GB RAM | 256 GB ROM17.35 cm (6.83 inch) Display50MP Rear Camera | 20MP Front Camera7550 mAh Li-Polymer + Silicon Carbon Battery8s Gen 4 ProcessorRear Camera -50MP Main Camera -8MP Ultra-wide Camera with night mode and ultra-wide video recordingFront camera -20MP with Portrait Mode | | Front Video Recording | Night ModeDisplay -6.83 inch 1.5K pOLED with 120 Hz refresh rateBattery 7550mAh, 90W charger, 22.5W reverse charging1 Year Manufacturer Warranty for Phone and 6 Months Warranty for In the Box Accessories",4.4
131,"Nothing Phone (4a) Snapdragon (Black, 128 GB)","? 37,999.00",8 GB RAM | 128 GB ROM17.22 cm (6.78 inch) Full HD+ AMOLED Display50MP + 50MP + 8MP | 32MP Front Camera5400 mAh Lithium ion BatterySnapdragon 7s Gen 4 Processor1 Year Manufacturing Warranty,4.4
132,"Nothing Phone (4a) (White, 128 GB)","? 37,999.00",8 GB RAM | 128 GB ROM17.22 cm (6.78 inch) Full HD+ AMOLED Display50MP + 50MP + 8MP | 32MP Front Camera5400 mAh Lithium ion BatterySnapdragon 7s Gen 4 Processor1 Year Manufacturing Warranty,4.4
133,"MOTOROLA Edge 60 Pro (Pantone Dazzling Blue, 512 GB)","? 37,999.00",16 GB RAM | 512 GB ROM17.02 cm (6.7 inch) Display50MP + 50MP + 10MP | 50MP Front Camera6000 mAh BatteryDimensity 8350 Processor1 Year Warranty on Handset and 6 Months Warranty on Accessories,4.4
134,"Samsung Galaxy A36 5G (Awesome White, 256 GB)","? 31,399.00",8 GB RAM | 256 GB ROM17.02 cm (6.7 inch) Full HD+ Display50MP + 8MP | 12MP Front Camera5000 mAh BatteryQualcomm Snapdragon 6 Gen 3 Processor1 Year Manufacturer Warranty for Device and 6 Months for In-Box Accessories,4.3
135,"realme Gt 7 (Icesense Black, 256 GB)","? 38,999.00","12 GB RAM | 256 GB ROM17.22 cm (6.78 inch) Full HD+ AMOLED Display50MP + 50MP + 50MP + 8MP | 32MP + 32MP Dual Front Camera7000 mAh BatteryDimensity ProcessorPhone, Power Adapter, SIM Tray Ejector, Phone Case, USB Cable",4.4
136,"realme Gt 7 (Icesense Black, 256 GB)","? 36,999.00",8 GB RAM | 256 GB ROM17.22 cm (6.78 inch) Full HD+ AMOLED Display50MP + 50MP + 50MP + 8MP | 32MP + 32MP Dual Front Camera7000 mAh BatteryDimensity Processor1 Year manufacturer Warranty for handset & 6 months for accessories,4.4
137,"Nothing Phone (4a) (Blue, 128 GB)","? 37,999.00",8 GB RAM | 128 GB ROM17.22 cm (6.78 inch) Full HD+ AMOLED Display50MP + 50MP + 8MP | 32MP Front Camera5400 mAh Lithium ion BatterySnapdragon 7s Gen 4 Processor1 Year Manufacturing Warranty,4.4
138,"OnePlus Nord 5 (Phantom Grey, 256 GB)","? 39,990.00",8 GB RAM | 256 GB ROM17.35 cm (6.83 inch) Full HD+ AMOLED Display50MP + 50MP + 8MP | 50MP Front Camera6800 mAh BatteryQualcomm® Snapdragon™ 8s Gen 3 Mobile Platform Processor1 Year manufacturer,4.5
139,"POCO X8 Pro Charger in the Box (Black, 256 GB)","? 37,999.00",12 GB RAM | 256 GB ROM16.74 cm (6.59 inch) Full HD+ AMOLED Display50MP + 8MP | 20MP Front Camera6500 mAh Lithium-Ion Polymer With Silicon Carbon Technology BatteryDimensity 8500-Ultra Processor1 Year Manufacturer Warranty for Phone and 6 Months Warranty for In the Box Accessories,4.4
140,"vivo V70 FE (Monsoon Blue, 128 GB)","? 37,999.00",8 GB RAM | 128 GB ROM17.35 cm (6.83 inch) Full HD+ AMOLED Display200MP + 8MP | 50MP Front Camera7000 mAh Li-ion BatteryDimensity 7360-Turbo Processor1 Year Manufacturer Warranty for Device and 6 Months Manufacturer Warranty for Inbox Accessories,4.3
141,"vivo V70 FE (Northern Lights Purple, 128 GB)","? 37,999.00",8 GB RAM | 128 GB ROM17.35 cm (6.83 inch) Full HD+ AMOLED Display200MP + 8MP | 50MP Front Camera7000 mAh Li-ion BatteryDimensity 7360-Turbo Processor1 Year Manufacturer Warranty for Device and 6 Months Manufacturer Warranty for Inbox Accessories,4.3
142,"REDMI Note 15 Pro + 5G (Mirage Blue, 256 GB)","? 37,224.00",8 GB RAM | 256 GB ROM17.35 cm (6.83 inch) Display200MP Rear Camera6500 mAh Battery12 Months Brand Warranty,4.3
143,"MOTOROLA Edge 60 Pro (Pantone Sparkling Grape, 512 GB)","? 37,999.00",16 GB RAM | 512 GB ROM17.02 cm (6.7 inch) Display50MP + 50MP + 10MP | 50MP Front Camera6000 mAh BatteryDimensity 8350 Processor1 Year Warranty on Handset and 6 Months Warranty on Accessories,4.4
144,"vivo V60 5G (Mist Gray, 128 GB)","? 37,999.00",8 GB RAM | 128 GB ROM17.2 cm (6.77 inch) Display50MP + 8MP + 50MP | 50MP Front Camera6500 mAh Battery7 Gen 4 Processor1 Year Manufacturer Warranty for Device and 6 Months Manufacturer Warranty for Inbox Accessories,4.5
145,"MOTOROLA edge 70 pro (Tailored Fabric - PANTONE Titan (Blue), 256 GB)","? 39,999.00",8 GB RAM | 256 GB ROM17.27 cm (6.8 inch) Full HD+ Super AMOLED Display50MP + 50MP | 50MP Front Camera6500 mAh Silicon-Carbon BatteryDimensity 8500 Extreme Processor1 Year on Handset and 6 Months on Accessories,4.4
146,"REDMI Note 15 Pro + 5G (Carbon Black, 256 GB)","? 36,978.00",8 GB RAM | 256 GB ROM17.35 cm (6.83 inch) Display200MP Rear Camera6500 mAh Battery12 Months Brand Warranty,4.3
147,"REDMI Note 15 Pro + 5G (Carbon Black, 256 GB)","? 39,899.00",12 GB RAM | 256 GB ROM17.35 cm (6.83 inch) Display200MP Rear Camera6500 mAh Battery12 Months Brand Warranty,4.2
148,"vivo V60 5G (Auspicious Gold, 128 GB)","? 35,999.00",8 GB RAM | 128 GB ROM17.2 cm (6.77 inch) Display50MP + 8MP + 50MP | 50MP Front Camera6500 mAh Battery7 Gen 4 Processor1 Year Manufacturer Warranty for Device and 6 Months Manufacturer Warranty for Inbox Accessories,4.5
149,"realme 16 Pro 5G (Pebble Grey, 256 GB)","? 39,999.00",8 GB RAM | 256 GB ROM17.22 cm (6.78 inch) Full HD+ Display200MP + 8MP | 50MP Front Camera7000 mAh BatteryDimensity 7300 Max Processor1 Year Manufacturer Warranty for Phone and 6 Months Warranty for In-Box Accessories,4.4
150,"OPPO F33 5G (Forest Green, 128 GB)","? 33,849.00",8 GB RAM | 128 GB ROM16.69 cm (6.57 inch) Full HD+ AMOLED Display50MP + 2MP | 16MP Front Camera7000 mAh lithium-ion polymer BatteryDimensity 6360 MAX Processor1 Year Manufacturer Warranty for Device and 6 Months Manufacturer Warranty for Inbox Accessories,4.7
151,"OPPO F33 5G (Pearl White, 256 GB)","? 36,965.00",8 GB RAM | 256 GB ROM16.69 cm (6.57 inch) Full HD+ AMOLED Display50MP + 2MP | 16MP Front Camera7000 mAh lithium-ion polymer BatteryDimensity 6360 MAX Processor1 Year Manufacturer Warranty for Device and 6 Months Manufacturer Warranty for Inbox Accessories,4.7
152,"OPPO F33 5G (Forest Green, 256 GB)","? 36,965.00",8 GB RAM | 256 GB ROM16.69 cm (6.57 inch) Full HD+ AMOLED Display50MP + 2MP | 16MP Front Camera7000 mAh lithium-ion polymer BatteryDimensity 6360 MAX Processor1 Year Manufacturer Warranty for Device and 6 Months Manufacturer Warranty for Inbox Accessories,4.7
153,"realme Gt 7 (Icesense Blue, 256 GB)","? 36,999.00",8 GB RAM | 256 GB ROM17.02 cm (6.7 inch) Full HD+ AMOLED Display50MP + 50MP + 8MP + 50MP | 32MP + 32MP Dual Front Camera7000 mAh BatteryDimensity Processor1 Year manufacturer Warranty for handset & 6 months for accessories,4.4
154,"realme 16 5G (Air Black, 256 GB)","? 36,999.00",8 GB RAM | 256 GB ROM16.69 cm (6.57 inch) Full HD+ AMOLED Display50MP + 2MP | 50MP Front Camera7000 mAh BatteryDimensity 6400 Turbo Processor1 Year Manufacturer Warranty for Device and 6 Months Manufacturer Warranty for Inbox Accessories,4.1
155,"realme 16 5G (Air White, 256 GB)","? 39,999.00",12 GB RAM | 256 GB ROM16.69 cm (6.57 inch) Full HD+ AMOLED Display50MP + 2MP | 50MP Front Camera7000 mAh BatteryDimensity 6400 Turbo Processor1 Year Manufacturer Warranty for Device and 6 Months Manufacturer Warranty for Inbox Accessories,4.4
156,"POCO X8 Pro Charger in the Box (Green, 256 GB)","? 37,999.00",12 GB RAM | 256 GB ROM16.74 cm (6.59 inch) Full HD+ AMOLED Display50MP + 8MP | 20MP Front Camera6500 mAh Lithium-Ion Polymer With Silicon Carbon Technology BatteryDimensity 8500-Ultra Processor1 Year Manufacturer Warranty for Phone and 6 Months Warranty for In the Box Accessories,4.4
157,"REDMI Note 15 Pro + 5G (Coffee Mocha, 256 GB)","? 37,999.00",8 GB RAM | 256 GB ROM17.35 cm (6.83 inch) Display200MP Rear Camera6500 mAh Battery12 Months Brand Warranty,4.3
158,"realme 16 5G (Air Black, 256 GB)","? 39,999.00",12 GB RAM | 256 GB ROM16.69 cm (6.57 inch) Full HD+ AMOLED Display50MP + 2MP | 50MP Front Camera7000 mAh BatteryDimensity 6400 Turbo Processor1 Year Manufacturer Warranty for Device and 6 Months Manufacturer Warranty for Inbox Accessories,4.4
159,"OPPO F33 Pro 5G (Misty Forest, 128 GB)","? 37,462.00",8 GB RAM | 128 GB ROM16.69 cm (6.57 inch) Full HD+ AMOLED Display50MP + 2MP | 50MP Front Camera7000 mAh lithium-ion polymer BatteryDimensity 6360 MAX Processor1 Year Manufacturer Warranty for Device and 6 Months Manufacturer Warranty for Inbox Accessories,4.3
160,"OPPO F33 Pro 5G (Starry Blue, 128 GB)","? 36,929.00",8 GB RAM | 128 GB ROM16.69 cm (6.57 inch) Full HD+ AMOLED Display50MP + 2MP | 50MP Front Camera7000 mAh lithium-ion polymer BatteryDimensity 6360 MAX Processor1 Year Manufacturer Warranty for Device and 6 Months Manufacturer Warranty for Inbox Accessories,4.3
161,"OPPO F33 Pro 5G (Passion Red, 128 GB)","? 37,248.00",8 GB RAM | 128 GB ROM16.69 cm (6.57 inch) Full HD+ AMOLED Display50MP + 2MP | 50MP Front Camera7000 mAh lithium-ion polymer BatteryDimensity 6360 MAX Processor1 Year Manufacturer Warranty for Device and 6 Months Manufacturer Warranty for Inbox Accessories,4.3
162,"MOTOROLA edge 70 pro (Satin-Luxe PANTONE Tea (Green), 256 GB)","? 39,999.00",8 GB RAM | 256 GB ROM17.27 cm (6.8 inch) Full HD+ Super AMOLED Display50MP + 50MP | 50MP Front Camera6500 mAh Silicon-Carbon BatteryDimensity 8500 Extreme Processor1 Year on Handset and 6 Months on Accessories,4.4
163,"POCO F7 5G (Frost White, 512 GB)","? 37,999.00","12 GB RAM | 512 GB ROM17.35 cm (6.83 inch) Display50MP Rear Camera | 20MP Front Camera7550 mAh Li-Polymer + Silicon Carbon Battery8s Gen 4 ProcessorRear Camera -50MP Main Camera -8MP Ultra-wide Camera with night mode and ultra-wide video recordingFront camera -20MP with Portrait Mode | | Front Video Recording | Night ModeDisplay -6.83 inch 1.5K pOLED with 120 Hz refresh rateBattery 7550mAh, 90W charger, 22.5W reverse charging1 Year Manufacturer Warranty for Phone and 6 Months Warranty for In the Box Accessories",4.4
164,"realme 16 5G (Air White, 256 GB)","? 36,999.00",8 GB RAM | 256 GB ROM16.69 cm (6.57 inch) Full HD+ AMOLED Display50MP + 2MP | 50MP Front Camera7000 mAh BatteryDimensity 6400 Turbo Processor1 Year Manufacturer Warranty for Device and 6 Months Manufacturer Warranty for Inbox Accessories,4.1
165,"vivo V60 5G (Moonlit Blue, 128 GB)","? 37,999.00",8 GB RAM | 128 GB ROM17.2 cm (6.77 inch) Display50MP + 8MP + 50MP | 50MP Front Camera6500 mAh Battery7 Gen 4 Processor1 Year Manufacturer Warranty for Device and 6 Months Manufacturer Warranty for Inbox Accessories,4.5
166,"realme 16 Pro 5G (Master Gold, 128 GB)","? 36,999.00",8 GB RAM | 128 GB ROM17.22 cm (6.78 inch) Full HD+ Display200MP + 8MP | 50MP Front Camera7000 mAh BatteryDimensity 7300 Max Processor1 Year Manufacturer Warranty for Phone and 6 Months Warranty for In-Box Accessories,4.4
167,"realme 16 Pro 5G (Orchid Purple, 256 GB)","? 39,999.00",8 GB RAM | 256 GB ROM17.22 cm (6.78 inch) Full HD+ Display200MP + 8MP | 50MP Front Camera7000 mAh BatteryDimensity 7300 Max Processor1 Year Manufacturer Warranty for Phone and 6 Months Warranty for In-Box Accessories,4.4
168,"realme 16 Pro 5G (Master Gold, 256 GB)","? 39,999.00",8 GB RAM | 256 GB ROM17.22 cm (6.78 inch) Full HD+ Display200MP + 8MP | 50MP Front Camera7000 mAh BatteryDimensity 7300 Max Processor1 Year Manufacturer Warranty for Phone and 6 Months Warranty for In-Box Accessories,4.4
169,"POCO F7 5G (Phantom Black, 512 GB)","? 37,999.00","12 GB RAM | 512 GB ROM17.35 cm (6.83 inch) Display50MP Rear Camera | 20MP Front Camera7550 mAh Li-Polymer + Silicon Carbon Battery8s Gen 4 ProcessorRear Camera -50MP Main Camera -8MP Ultra-wide Camera with night mode and ultra-wide video recordingFront camera -20MP with Portrait Mode | | Front Video Recording | Night ModeDisplay -6.83 inch 1.5K pOLED with 120 Hz refresh rateBattery 7550mAh, 90W charger, 22.5W reverse charging1 Year Manufacturer Warranty for Phone and 6 Months Warranty for In the Box Accessories",4.4
170,"Samsung Galaxy S24 FE 5G (Mint, 128 GB)","? 39,999.00",8 GB RAM | 128 GB ROM17.02 cm (6.7 inch) Full HD+ Display50MP + 12MP + 8MP | 10MP Front Camera4700 mAh BatteryExynos 2400e Processor1 Year Manufacturer Warranty for Device and 6 Months for In-Box Accessories,4.5
171,"OPPO Reno11 5G (Rock Grey, 128 GB)","? 38,999.00",8 GB RAM | 128 GB ROM | Expandable Upto 2 TB17.02 cm (6.7 inch) Full HD+ Display50MP + 8MP + 32MP | 32MP Front Camera5000 mAh BatteryMediatek Dimensity 7050 Processor1 Year Manufacturer Warranty for Device and 6 Months Manufacturer Warranty for Inbox Accessories,4.3
172,"Samsung SM-A366E/DS (Awesome Lime, 128 GB)","? 27,499.00",8 GB RAM | 128 GB ROM17.02 cm (6.7 inch) Full HD+ Display50MP + 8MP | 12MP Front Camera5000 mAh BatteryQualcomm Snapdragon 6 Gen 3 Processor1 Year Manufacturer Warranty for Device and 6 Months for In-Box Accessories,4.3
173,"OPPO Reno 12 Pro 5G (Manish Malhotra Limited Edition, 256 GB)","? 39,999.00",12 GB RAM | 256 GB ROM | Expandable Upto 1 TB17.02 cm (6.7 inch) Full HD+ Display50MP + 8MP + 50MP | 50MP Front Camera5000 mAh BatteryDimensity 7300 Energy Processor1 Year Manufacturer Warranty for Device and 6 Months Manufacturer Warranty for Inbox Accessories,4.4
174,"Samsung Galaxy S24 FE 5G (Blue, 128 GB)","? 39,999.00",8 GB RAM | 128 GB ROM17.02 cm (6.7 inch) Full HD+ Display50MP + 12MP + 8MP | 10MP Front Camera4700 mAh BatteryExynos 2400e Processor1 Year Manufacturer Warranty for Device and 6 Months for In-Box Accessories,4.5
175,"REDMI Note-14 Pro+ 5G (Spectre Blue, 256 GB)","? 30,998.00",8 GB RAM | 256 GB ROM16.94 cm (6.67 inch) Display50MP + 50MP + 8MP | 20MP Front Camera6200 mAh Battery7s Gen 3 Processor1 Year Manufacturer Warranty for Phone and 6 Months Warranty for In the Box Accessories,4.4
176,"OnePlus 12R (Iron Gray, 256 GB)","? 35,499.00","8 GB RAM | 256 GB ROM17.22 cm (6.78 inch) Display50MP Rear Camera5500 mAh Battery1 Year Warranty
1 year manufacturer warranty for device and 1 year manufacturer warranty for in-box accessories including batteries from the date of purchase",4.5
177,"vivo V60 8/256 BLUE (Moonlit Blue, 256 GB)","? 39,999.00",8 GB RAM | 256 GB ROM17.2 cm (6.77 inch) Display50MP Rear Camera6500 mAh Battery12 Month,4.4
178,"realme Gt 7T (Racing Yellow, 256 GB)","? 37,999.00",12 GB RAM | 256 GB ROM17.27 cm (6.8 inch) Full HD+ AMOLED Display50MP + 50MP + 8MP | 32MP + 32MP Dual Front Camera7000 mAh BatteryDimensity Processorstandard 1-year warranty for the device itself and a 6-month warranty for accessories,4.5
179,"realme GT 6T 5G (Razor Green, 256 GB)","? 35,490.00",8 GB RAM | 256 GB ROM17.22 cm (6.78 inch) Display50MP Rear Camera5500 mAh Battery1 Year,4.4
180,"POCO X8 Pro (Iron man edition, 256 GB)","? 39,999.00",12 GB RAM | 256 GB ROM16.74 cm (6.59 inch) Full HD+ AMOLED Display50MP + 8MP | 20MP Front Camera6500 mAh Lithium-Ion Polymer With Silicon Carbon Technology BatteryDimensity 8500-Ultra Processor1 Year Manufacturer Warranty for Phone and 6 Months Warranty for In the Box Accessories,4.4
181,"IQOO 11 5G (Alpha, 256 GB)","? 38,899.00",8 GB RAM | 256 GB ROM17.22 cm (6.78 inch) Full HD+ Display50MP + 50MP + 8MP + 13MP | 16MP Front Camera5000 mAh BatterySnapdragon 8 Gen 2 Mobile Platform Processor1 year manufacturer warranty,4.3
182,"Samsung Galaxy A34 5G (Awesome Lime, 128 GB)","? 35,499.00","8 GB RAM | 128 GB ROM | Expandable Upto 1 TB16.76 cm (6.6 inch) Full HD+ Display48MP + 8MP + 5MP | 13MP Front Camera5000 mAh Li-ion Battery BatteryDimensity 1080, Octa Core Processor1 year manufacturer warranty for device and 6 months manufacturer warranty for in-box accessories",4
183,"IQOO 9T 5G (ALPHA, 256 GB)","? 38,999.00",12 GB RAM | 256 GB ROM17.22 cm (6.78 inch) Display50MP Rear Camera4700 mAh Battery1 Year,4.2
184,"IQOO 9 SE 5G (Space Fusion, 256 GB)","? 34,999.00",12 GB RAM | 256 GB ROM16.81 cm (6.62 inch) Display48MP + 48MP + 13MP + 2MP | 16MP + 16MP Dual Front Camera4500 mAh Battery1 Year,4.3
185,"Samsung Galaxy A34 5G (Awesome Graphite, 256 GB)","? 39,499.00","8 GB RAM | 256 GB ROM | Expandable Upto 1 TB16.76 cm (6.6 inch) Full HD+ Display48MP + 8MP + 5MP | 13MP Front Camera5000 mAh Li-ion Battery BatteryDimensity 1080, Octa Core Processor1 year manufacturer warranty for device and 6 months manufacturer warranty for in-box accessories",4.4
186,"OPPO Reno13 5G (Ivory White, 256 GB)","? 37,999.00",8 GB RAM | 256 GB ROM16.74 cm (6.59 inch) Display50MP + 8MP + 2MP | 50MP Front Camera5600 mAh BatteryDimensity 8350 Processor1 Year Warranty on Handset and 6 Months Warranty on Accessories,4.1
187,"Samsung Galaxy A53 (Awesome Blue, 128 GB)","? 24,999.00",6 GB RAM | 128 GB ROM | Expandable Upto 1 TB16.51 cm (6.5 inch) Full HD+ Display64MP + 12MP + 5MP + 5MP | 32MP Front Camera5000 mAh Lithium Ion BatteryExynos Octa Core Processor Processor1 Year Manufacturer Warranty for Device and 6 Months Manufacturer Warranty for In-Box,4.3
188,"OPPO Reno8 5G (Shimmer Black, 128 GB)","? 26,999.00",8 GB RAM | 128 GB ROM16.33 cm (6.43 inch) Full HD Display50MP + 8MP + 2MP | 32MP Front Camera4500 mAh Lithium-ion Polymer BatteryMediatek Dimensity 1300 Processor1 Year Warranty for Phone and 6 Months Warranty for In-Box Accessories,4.4
189,"POCO F7 5G (Cyber Silver Edition, 256 GB)","? 35,999.00","12 GB RAM | 256 GB ROM17.35 cm (6.83 inch) Display50MP Rear Camera | 20MP Front Camera7550 mAh Li-Polymer + Silicon Carbon Battery8s Gen 4 ProcessorRear Camera -50MP Main Camera -8MP Ultra-wide Camera with night mode and ultra-wide video recordingFront camera -20MP with Portrait Mode | | Front Video Recording | Night ModeDisplay -6.83 inch 1.5K pOLED with 120 Hz refresh rateBattery 7550mAh, 90W charger, 22.5W reverse charging1 Year Manufacturer Warranty for Phone and 6 Months Warranty for In the Box Accessories",4
190,"Infinix Zero Ultra (Genesis Noir, 256 GB)","? 36,999.00",8 GB RAM | 256 GB ROM17.27 cm (6.8 inch) Full HD+ Display200MP + 13MP + 2MP | 32MP Front Camera4500 mAh Lithium-ion Polymer BatteryMediatek Dimensity 920 Processor1 Year on Handset and 6 Months on Accessories,4
191,"Samsung A36 5G (Black, 256 GB)","? 36,999.00",8 GB RAM | 256 GB ROM17.02 cm (6.7 inch) Full HD+ Display50MP + 8MP | 5MP Dual Front Camera5000 mAh Battery1 Year Manufacturer Warranty for Device and 6 Months for In-Box Accessories,4.2
192,"Infinix Zero Ultra (Genesis Noir, 256 GB)","? 36,999.00",8 GB RAM | 256 GB ROM17.27 cm (6.8 inch) Full HD+ Display200MP + 13MP + 2MP | 32MP Front Camera4500 mAh Lithium-ion Polymer BatteryMediatek Dimensity 920 Processor1 Year on Handset and 6 Months on Accessories,4.4
193,"Samsung A36 5G (Black, 256 GB)","? 36,999.00",8 GB RAM | 256 GB ROM17.02 cm (6.7 inch) Full HD+ Display50MP + 8MP | 5MP Dual Front Camera5000 mAh Battery1 Year Manufacturer Warranty for Device and 6 Months for In-Box Accessories,4.3
194,"Samsung Galaxy F70e 5G (Limelight Green, 128 GB)","? 15,499.00",4 GB RAM | 128 GB ROM | Expandable Upto 2 TB17.12 cm (6.74 inch) HD+ Display50MP + 2MP | 8MP Front Camera6000 mAh Li-ion BatteryDimensity 6300 Processor1 Year Manufacturer Warranty for Device and 6 Months for In-Box Accessories,4.3
195,"Ai+ Nova 2 5G (Blue, 64 GB)","? 12,999.00",4 GB RAM | 64 GB ROM | Expandable Upto 1 TB17.13 cm (6.745 inch) HD+ Display50MP Rear Camera | 8MP Front Camera6000 mAh BatteryT8200 Processor1 Year Warranty on Handset and 6 Months Warranty on the Inbox Accessories,4.3
196,"OPPO K14x 5G (Prism Violet, 64 GB)","? 14,999.00",4 GB RAM | 64 GB ROM17.14 cm (6.75 inch) HD+ Display50MP + 2MP | 5MP; f/2.2; FOV 77°; 3P lens6500 mAh BatteryDimensity 6300 Processor1 Year Manufacturer Warranty for Device and 6 Months Manufacturer Warranty for Inbox Accessories,4.3
197,"OPPO K14x 5G (Icy Blue, 64 GB)","? 14,999.00",4 GB RAM | 64 GB ROM17.14 cm (6.75 inch) HD+ Display50MP + 2MP | 5MP; f/2.2; FOV 77°; 3P lens6500 mAh BatteryDimensity 6300 Processor1 Year Manufacturer Warranty for Device and 6 Months Manufacturer Warranty for Inbox Accessories,4.3
198,"OPPO K14x 5G (Icy Blue, 128 GB)","? 18,999.00",6 GB RAM | 128 GB ROM17.14 cm (6.75 inch) HD+ Display50MP + 2MP | 5MP; f/2.2; FOV 77°; 3P lens6500 mAh BatteryDimensity 6300 Processor1 Year Manufacturer Warranty for Device and 6 Months Manufacturer Warranty for Inbox Accessories,4.3
199,"OPPO K14x 5G (Prism Violet, 128 GB)","? 16,999.00",4 GB RAM | 128 GB ROM17.14 cm (6.75 inch) HD+ Display50MP + 2MP | 5MP; f/2.2; FOV 77°; 3P lens6500 mAh BatteryDimensity 6300 Processor1 Year Manufacturer Warranty for Device and 6 Months Manufacturer Warranty for Inbox Accessories,4.2
200,"OPPO K14x 5G (Prism Violet, 128 GB)","? 18,999.00",6 GB RAM | 128 GB ROM17.14 cm (6.75 inch) HD+ Display50MP + 2MP | 5MP; f/2.2; FOV 77°; 3P lens6500 mAh BatteryDimensity 6300 Processor1 Year Manufacturer Warranty for Device and 6 Months Manufacturer Warranty for Inbox Accessories,4.2
201,"OPPO K14x 5G (Icy Blue, 128 GB)","? 16,999.00",4 GB RAM | 128 GB ROM17.14 cm (6.75 inch) HD+ Display50MP + 2MP | 5MP; f/2.2; FOV 77°; 3P lens6500 mAh BatteryDimensity 6300 Processor1 Year Manufacturer Warranty for Device and 6 Months Manufacturer Warranty for Inbox Accessories,4.1
202,"Samsung Galaxy F70e 5G (Spotlight Blue, 128 GB)","? 15,499.00",4 GB RAM | 128 GB ROM | Expandable Upto 2 TB17.12 cm (6.74 inch) HD+ Display50MP + 2MP | 8MP Front Camera6000 mAh Li-ion BatteryDimensity 6300 Processor1 Year Manufacturer Warranty for Device and 6 Months for In-Box Accessories,4.1
203,"Samsung Galaxy F70e 5G (Spotlight Blue, 128 GB)","? 17,499.00",6 GB RAM | 128 GB ROM | Expandable Upto 2 TB17.12 cm (6.74 inch) HD+ Display50MP + 2MP | 8MP Front Camera6000 mAh Li-ion BatteryDimensity 6300 Processor1 Year Manufacturer Warranty for Device and 6 Months for In-Box Accessories,4.2
204,"Samsung M06 5G (Blazing Black, 128 GB)","? 12,870.00",4 GB RAM | 128 GB ROM17.02 cm (6.7 inch) Display50MP Rear Camera5000 mAh Battery1 Year Manufacturer Warranty for Phone and 6 Months Warranty for In the Box Accessories,4.2
205,"Samsung M06 5G (Sage Green, 128 GB)","? 12,777.00",4 GB RAM | 128 GB ROM17.02 cm (6.7 inch) Display50MP Rear Camera5000 mAh Battery1 Year Manufacturer Warranty for Phone and 6 Months Warranty for In the Box Accessories,4.3
206,"Samsung Galaxy F70e 5G (Limelight Green, 128 GB)","? 17,499.00",6 GB RAM | 128 GB ROM | Expandable Upto 2 TB17.12 cm (6.74 inch) HD+ Display50MP + 2MP | 8MP Front Camera6000 mAh Li-ion BatteryDimensity 6300 Processor1 Year Manufacturer Warranty for Device and 6 Months for In-Box Accessories,4.3
207,"OPPO K14 5G (Prism White, 256 GB)","? 23,999.00",8 GB RAM | 256 GB ROM17.14 cm (6.75 inch) HD+ Display50MP Rear Camera | 8MP Front Camera7000 mAh BatteryDimensity 6300 Processor1 Year Manufacturer Warranty for Device and 6 Months Manufacturer Warranty for Inbox Accessories,4.1
208,"OPPO K14 5G (Prism White, 128 GB)","? 19,999.00",6 GB RAM | 128 GB ROM17.14 cm (6.75 inch) HD+ Display50MP Rear Camera | 8MP Front Camera7000 mAh BatteryDimensity 6300 Processor1 Year Manufacturer Warranty for Device and 6 Months Manufacturer Warranty for Inbox Accessories,4.1
209,"MOTOROLA g67 power 5G (Pantone CILANTRO, 256 GB)","? 27,999.00",12 GB RAM | 256 GB ROM17.02 cm (6.7 inch) Full HD+ Display50MP + 8MP | 32MP Front Camera7000 mAh Battery7s Gen 2 Processor1 Year Warranty on Handset and 6 Months Warranty on Accessories,4.3
210,"POCO C85x Charger in the Box (Sunset Gold, 64 GB)","? 12,499.00",4 GB RAM | 64 GB ROM | Expandable Upto 2 TB17.53 cm (6.9 inch) HD+ Display32MP Rear Camera6300 mAh Lithium-Ion Polymer BatteryT8300 Processor1 Year Manufacturer Warranty for Phone and 6 Months Warranty for In the Box Accessories,4.3
211,"Samsung M06 5G (Sage Green, 128 GB)","? 14,163.00",6 GB RAM | 128 GB ROM17.02 cm (6.7 inch) Display50MP Rear Camera5000 mAh Battery1 Year Manufacturer Warranty for Phone and 6 Months Warranty for In the Box Accessories,4
212,"OPPO K14 5G (Icy Blue, 128 GB)","? 19,999.00",6 GB RAM | 128 GB ROM17.14 cm (6.75 inch) HD+ Display50MP Rear Camera | 8MP Front Camera7000 mAh BatteryDimensity 6300 Processor1 Year Manufacturer Warranty for Device and 6 Months Manufacturer Warranty for Inbox Accessories,4.2
213,"OPPO K14 5G (Prism Violet, 128 GB)","? 19,999.00",6 GB RAM | 128 GB ROM17.14 cm (6.75 inch) HD+ Display50MP Rear Camera | 8MP Front Camera7000 mAh BatteryDimensity 6300 Processor1 Year Manufacturer Warranty for Device and 6 Months Manufacturer Warranty for Inbox Accessories,4.4
214,"MOTOROLA g37 (PANTONE Capri, 64 GB)","? 18,999.00",4 GB RAM | 64 GB ROM | Expandable Upto 1 TB16.92 cm (6.66 inch) HD+ Display50MP Rear Camera | 8MP Front Camera5200 mAh BatteryDimensity 6400 Processor1 Year on Handset and 6 Months on Accessories,4.1
215,"Ai+ Nova 2 5G (Green, 128 GB)","? 14,999.00",6 GB RAM | 128 GB ROM | Expandable Upto 1 TB17.13 cm (6.745 inch) HD+ Display50MP Rear Camera | 8MP Front Camera6000 mAh BatteryT8200 Processor1 Year Warranty on Handset and 6 Months Warranty on the Inbox Accessories,4.3
216,"Ai+ Nova 2 5G (Black, 64 GB)","? 12,999.00",4 GB RAM | 64 GB ROM | Expandable Upto 1 TB17.13 cm (6.745 inch) HD+ Display50MP Rear Camera | 8MP Front Camera6000 mAh BatteryT8200 Processor1 Year Warranty on Handset and 6 Months Warranty on the Inbox Accessories,4.3
217,"Samsung M06 5G (Blazing Black, 128 GB)","? 15,086.00",6 GB RAM | 128 GB ROM17.02 cm (6.7 inch) Display50MP Rear Camera5000 mAh Battery1 Year Manufacturer Warranty for Phone and 6 Months Warranty for In the Box Accessories,4
218,"OPPO K14 5G (Prism White, 256 GB)","? 21,999.00",6 GB RAM | 256 GB ROM17.14 cm (6.75 inch) HD+ Display50MP Rear Camera | 8MP Front Camera7000 mAh BatteryDimensity 6300 Processor1 Year Manufacturer Warranty for Device and 6 Months Manufacturer Warranty for Inbox Accessories,4.6
219,"OPPO K14 5G (Prism Violet, 256 GB)","? 21,999.00",6 GB RAM | 256 GB ROM17.14 cm (6.75 inch) HD+ Display50MP Rear Camera | 8MP Front Camera7000 mAh BatteryDimensity 6300 Processor1 Year Manufacturer Warranty for Device and 6 Months Manufacturer Warranty for Inbox Accessories,4.3
220,"MOTOROLA g37 (PANTONE Impenetrable, 64 GB)","? 18,999.00",4 GB RAM | 64 GB ROM | Expandable Upto 1 TB16.92 cm (6.66 inch) HD+ Display50MP Rear Camera | 8MP Front Camera5200 mAh BatteryDimensity 6400 Processor1 Year on Handset and 6 Months on Accessories,4.6
221,"Samsung Galaxy S25 Ultra 5G (Titanium Whitesilver, 256 GB)","? 94,230.00",12 GB RAM | 256 GB ROM17.53 cm (6.9 inch) Quad HD+ Display200MP + 50MP + 50MP + 10MP | 12MP Front Camera5000 mAh Battery8 Elite for Galaxy Processor1 Year Manufacturer Warranty for Device and 6 Months for In-Box Accessories,4.3
222,"REDMI Note 15 SE 5G Snapdragon (Frosted White, 128 GB)","? 22,999.00",6 GB RAM | 128 GB ROM | Expandable Upto 1 TB17.2 cm (6.77 inch) Full HD+ AMOLED Display50MP Rear Camera | 20MP Front Camera5800 mAh Lithium-Ion Polymer BatterySnapdragon 6 Gen 3 Processor1 Year Manufacturer Warranty for Phone and 6 Months Warranty for In the Box Accessories,4.4
223,"Samsung Galaxy S25 Ultra 5G (Titanium Black, 256 GB)","? 94,080.00",12 GB RAM | 256 GB ROM17.53 cm (6.9 inch) Quad HD+ Display200MP + 50MP + 50MP + 10MP | 12MP Front Camera5000 mAh Battery8 Elite for Galaxy Processor1 Year Manufacturer Warranty for Device and 6 Months for In-Box Accessories,4.3
224,"MOTOROLA g67 power 5G (Pantone BLUE CURACAO, 256 GB)","? 27,999.00",12 GB RAM | 256 GB ROM17.02 cm (6.7 inch) Full HD+ Display50MP + 8MP | 32MP Front Camera7000 mAh Battery7s Gen 2 Processor1 Year Warranty on Handset and 6 Months Warranty on Accessories,4.6
225,"vivo T4R 5G (Arctic White, 256 GB)","? 24,999.00",8 GB RAM | 256 GB ROM17.2 cm (6.77 inch) Display50MP (OIS) + 2MP | 32MP Front Camera5700 mAh BatteryDimensity 7400 5G Processor1 Year Manufacturer Warranty for Device and 6 Months Manufacturer Warranty for Inbox Accessories,4.6
226,"OPPO K14 5G (Icy Blue, 256 GB)","? 21,999.00",6 GB RAM | 256 GB ROM17.14 cm (6.75 inch) HD+ Display50MP Rear Camera | 8MP Front Camera7000 mAh BatteryDimensity 6300 Processor1 Year Manufacturer Warranty for Device and 6 Months Manufacturer Warranty for Inbox Accessories,4.2
227,"Apple iPhone 15 (Black, 128 GB)","? 59,900.00","128 GB ROM15.49 cm (6.1 inch) Super Retina XDR Display48MP + 12MP | 12MP Front CameraA16 Bionic Chip, 6 Core Processor Processor1 year warranty for phone and 1 year warranty for in Box Accessories.",4.6
228,"Apple iPhone 17 (Black, 256 GB)","? 82,900.00","256 GB ROM16.0 cm (6.3 inch) Super Retina XDR Display48MP + 48MP | 18MP Front CameraA19 Chip, 6 Core Processor ProcessorApple One (1) Year Limited Warranty",4.3
229,"Samsung Galaxy M17 5G (Moonlight Silver, 128 GB)","? 14,670.00",4 GB RAM | 128 GB ROM17.02 cm (6.7 inch) Display50MP Rear Camera5000 mAh Battery1 year manufacturer warranty for device and 6 months manufacturer warranty for in-box accessories including batteries from the date of purchase,4.3
230,"Apple iPhone 17 (White, 256 GB)","? 82,900.00","256 GB ROM16.0 cm (6.3 inch) Super Retina XDR Display48MP + 48MP | 18MP Front CameraA19 Chip, 6 Core Processor ProcessorApple One (1) Year Limited Warranty",4.3
231,"realme P4 Lite 5G (Mosaic Blue, 128 GB)","? 16,499.00",4 GB RAM | 128 GB ROM17.27 cm (6.8 inches) HD+ Display13MP Rear Camera | 5MP Front Camera7000 mAh lithium-ion polymer BatteryDimensity 6300 Processor1 Year Manufacturer Warranty for Device and 6 Months Manufacturer Warranty for Inbox Accessories,4.4
232,"realme P4 Lite 5G (Mosaic Green, 128 GB)","? 16,499.00",4 GB RAM | 128 GB ROM17.27 cm (6.8 inches) HD+ Display13MP Rear Camera | 5MP Front Camera7000 mAh lithium-ion polymer BatteryDimensity 6300 Processor1 Year Manufacturer Warranty for Device and 6 Months Manufacturer Warranty for Inbox Accessories,4.3
233,"Samsung M36 5G (Velvet Black / Black, 128 GB)","? 18,250.00",6 GB RAM | 128 GB ROM17.02 cm (6.7 inch) Display50MP Rear Camera5000 mAh Battery1 Year Warranty,4.4
234,"MOTOROLA Edge 70 Fusion (Pantone COUNTRY AIR, 128 GB)","? 30,999.00",8 GB RAM | 128 GB ROM17.27 cm (6.8 inch) Super HD Display50MP + 13MP | 32MP Front Camera7000 mAh BatterySnapdragon 7s Gen 4 Processor1 Year on Handset and 6 Months on Accessories,4.2
235,"POCO M7 Plus 5G (Aqua Blue, 128 GB)","? 15,999.00",6 GB RAM | 128 GB ROM | Expandable Upto 2 TB17.53 cm (6.9 inch) Display50MP AI Dual Camera7000 mAh BatterySnapdragon 6s Gen 3 5G Processor1 Year Manufacturer Warranty for Phone and 6 Months Warranty for In the Box Accessories,4.4
236,"vivo T5x 5G (Cyber Green, 128 GB)","? 24,999.00",8 GB RAM | 128 GB ROM17.17 cm (6.76 inch) Display50MP + 2MP | 32MP Front Camera7200 mAh Li-ion BatteryDimensity 7400-Turbo Processor1 Year Manufacturer Warranty for Device and 6 Months Manufacturer Warranty for Inbox Accessories,4.5
237,"OPPO K14 5G (Prism Violet, 256 GB)","? 23,999.00",8 GB RAM | 256 GB ROM17.14 cm (6.75 inch) HD+ Display50MP Rear Camera | 8MP Front Camera7000 mAh BatteryDimensity 6300 Processor1 Year Manufacturer Warranty for Device and 6 Months Manufacturer Warranty for Inbox Accessories,
238,"realme Gt 7 (Icesense Blue, 256 GB)","? 38,999.00",12 GB RAM | 256 GB ROM17.22 cm (6.78 inch) Full HD+ AMOLED Display50MP + 50MP + 50MP + 8MP | 32MP + 32MP Dual Front Camera7000 mAh BatteryDimensity Processor1 Year manufacturer Warranty for handset & 6 months for accessories,
239,"OnePlus 12R (Cool Blue, 256 GB)","? 39,999.00",16 GB RAM | 256 GB ROM17.22 cm (6.78 inch) Display50MP Rear Camera5500 mAh Battery1 Year Brand Warranty,
